{
  "transaction_summary": {
    "total_count": 8672,
    "by_category": {
      "Capital": 29,
      "Expense": 580,
      "Financing": 377,
      "Revenue": 7601,
      "Valuation": 85
    },
    "by_subcategory": {
      "Asset Valuation": 85,
      "Closing Costs": 1,
      "Equity Contribution": 1,
      "Equity Distribution": 169,
      "Hard Costs": 25,
      "Interest Payment": 120,
      "Lease": 7600,
      "Loan Proceeds": 1,
      "OpEx": 580,
      "Principal Payment": 84,
      "Purchase Price": 1,
      "Refinancing Payoff": 1,
      "Refinancing Proceeds": 1,
      "Sale": 1,
      "Soft Costs": 1,
      "Transaction Costs": 1
    },
    "timeline_periods": 84,
    "transactions_per_period": {
      "mean": 103.23809523809524,
      "min": "11",
      "max": "118",
      "std": 29.883153592238664
    }
  },
  "flow_summary": {
    "total_inflows": 1408902684.5534012,
    "total_outflows": -56700191.62911334,
    "net_flow": 1352202492.9242878,
    "by_category": {
      "Capital": -13803519.593446804,
      "Expense": -2684738.773549519,
      "Financing": -17528840.85617022,
      "Revenue": 25610892.698226787,
      "Valuation": 1360608699.4492276
    },
    "top_subcategories": {
      "Asset Valuation": 1360608699.4492276,
      "Equity Distribution": -27272320.202923745,
      "Sale": 15614892.698226789,
      "Purchase Price": -11500000.0,
      "Lease": 9996000.0,
      "Loan Proceeds": 8879572.8125,
      "Refinancing Payoff": -8125000.0,
      "Refinancing Proceeds": 8125000.0,
      "Equity Contribution": 5678519.593446804,
      "Interest Payment": -3905903.8355833045
    }
  },
  "timeline_coverage": {
    "period_count": 84,
    "start_date": "2024-01",
    "end_date": "2030-12",
    "date_range": "<83 * MonthEnds>",
    "periods_with_transactions": 84,
    "transaction_frequency": 103.23809523809524
  },
  "balance_analysis": {
    "total_inflows": 1408902684.5534012,
    "total_outflows": -56700191.62911334,
    "net_flow": 1352202492.9242878,
    "balance_ratio": 0.04024422144321938,
    "flow_health": "unusual"
  },
  "warnings": [
    "Unusual balance ratio: 0.04"
  ],
  "recommendations": [
    "Verify deal structure and expected cash flow patterns"
  ]
}