{
  "irr": 0.06512127588756732,
  "em": 4.802716580285623
}