{
  "irr": 0.37391997040739855,
  "em": 6.44057652363526
}