{
  "irr": 0.09136315998283871,
  "em": 4.4077012991474644
}