{
  "transaction_summary": {
    "total_count": 1157,
    "by_category": {
      "Capital": 102,
      "Expense": 198,
      "Financing": 297,
      "Revenue": 514,
      "Valuation": 46
    },
    "by_subcategory": {
      "Asset Valuation": 46,
      "Closing Costs": 1,
      "Credit Loss": 45,
      "Equity Contribution": 29,
      "Equity Distribution": 133,
      "Hard Costs": 98,
      "Interest Payment": 66,
      "Lease": 423,
      "Loan Proceeds": 1,
      "OpEx": 198,
      "Principal Payment": 66,
      "Purchase Price": 1,
      "Refinancing Payoff": 1,
      "Refinancing Proceeds": 1,
      "Sale": 1,
      "Soft Costs": 1,
      "Transaction Costs": 1,
      "Vacancy Loss": 45
    },
    "timeline_periods": 66,
    "transactions_per_period": {
      "mean": 17.53030303030303,
      "min": "9",
      "max": "25",
      "std": 5.28632400115822
    }
  },
  "flow_summary": {
    "total_inflows": 1323251725.444493,
    "total_outflows": -80006159.47391425,
    "net_flow": 1243245565.970579,
    "by_category": {
      "Capital": -18014392.317346506,
      "Expense": -4064426.3703057114,
      "Financing": -24453022.230306033,
      "Revenue": 40148027.92405031,
      "Valuation": 1249629378.9644864
    },
    "top_subcategories": {
      "Asset Valuation": 1249629378.9644864,
      "Equity Distribution": -40608075.28633006,
      "Sale": 29345027.92405031,
      "Refinancing Proceeds": 15254840.315259717,
      "Hard Costs": -11654573.0,
      "Lease": 11456250.000000002,
      "Loan Proceeds": 11261190.929624999,
      "Refinancing Payoff": -11261190.929624999,
      "Equity Contribution": 6305037.311071281,
      "Purchase Price": -5000000.0
    }
  },
  "timeline_coverage": {
    "period_count": 66,
    "start_date": "2024-01",
    "end_date": "2029-06",
    "date_range": "<65 * MonthEnds>",
    "periods_with_transactions": 66,
    "transaction_frequency": 17.53030303030303
  },
  "balance_analysis": {
    "total_inflows": 1323251725.444493,
    "total_outflows": -80006159.47391425,
    "net_flow": 1243245565.970579,
    "balance_ratio": 0.06046178360133209,
    "flow_health": "unusual"
  },
  "warnings": [
    "Unusual balance ratio: 0.06"
  ],
  "recommendations": [
    "Verify deal structure and expected cash flow patterns"
  ]
}