{
  "irr": 0.406679795466935,
  "em": 6.84350304430055
}